apple0001.jpg, 0
apple0002.png, 0
apple0003.jpg, 0
apple0004.png, 0
apple0005.jpg, 0
apple0006.png, 0
apple0007.jpg, 0
apple0008.png, 0
apple0009.jpg, 0
apple0010.png, 0
apple0011.jpg, 0
apple0012.png, 0
apple0013.jpg, 0
apple0014.png, 0
apple0015.jpg, 0
apple0016.png, 0
apple0017.jpg, 0
apple0018.png, 0
apple0019.jpg, 0
apple0020.png, 0
apple0021.jpg, 0
apple0022.png, 0
apple0023.jpg, 0
apple0024.png, 0
apple0025.jpg, 0
apple0026.png, 0
apple0027.jpg, 0
apple0028.png, 0
apple0029.jpg, 0
apple0030.png, 0
apple0031.jpg, 0
apple0032.png, 0
apple0033.jpg, 0
apple0034.png, 0
apple0035.jpg, 0
apple0036.png, 0
apple0037.jpg, 0
apple0038.png, 0
apple0039.jpg, 0
apple0040.png, 0
apple0041.jpg, 0
apple0042.png, 0
apple0043.jpg, 0
apple0044.png, 0
apple0045.jpg, 0
apple0046.png, 0
apple0047.jpg, 0
apple0048.png, 0
apple0049.jpg, 0
apple0050.png, 0
apple0051.jpg, 0
apple0052.png, 0
apple0053.jpg, 0
apple0054.png, 0
apple0055.jpg, 0
apple0056.png, 0
apple0057.jpg, 0
apple0058.png, 0
apple0059.jpg, 0
apple0060.png, 0
apple0061.jpg, 0
apple0062.png, 0
apple0063.jpg, 0
apple0064.png, 0
apple0065.jpg, 0
apple0066.png, 0
apple0067.jpg, 0
apple0068.png, 0
apple0069.jpg, 0
apple0070.png, 0
apple0071.jpg, 0
apple0072.png, 0
apple0073.jpg, 0
apple0074.png, 0
apple0075.jpg, 0
apple0076.png, 0
apple0077.png, 0
apple0078.png, 0
apple0079.png, 0
apple0080.png, 0
apple0081.png, 0
apple0082.png, 0
apple0083.png, 0
apple0084.png, 0
apple0085.png, 0
apple0086.png, 0
apple0087.png, 0
apple0088.png, 0
apple0089.png, 0
apple0090.png, 0
apple0091.png, 0
apple0092.png, 0
apple0093.png, 0
apple0094.png, 0
apple0095.png, 0
apple0096.png, 0
apple0097.png, 0
apple0098.png, 0
apple0099.png, 0
apple0100.png, 0
apple0101.png, 0
apple0102.png, 0
apple0103.png, 0
apple0104.png, 0
apple0105.png, 0
apple0106.png, 0
apple0107.png, 0
apple0108.png, 0
apple0109.png, 0
apple0110.png, 0
apple0111.png, 0
apple0112.png, 0
apple0113.png, 0
apple0114.png, 0
apple0115.png, 0
apple0116.png, 0
apple0117.png, 0
apple0118.png, 0
apple0119.png, 0
apple0120.png, 0
apple0121.png, 0
apple0122.png, 0
apple0123.png, 0
apple0124.png, 0
apple0125.png, 0
apple0126.png, 0
apple0127.png, 0
apple0128.png, 0
apple0129.png, 0
apple0130.png, 0
apple0131.png, 0
apple0132.png, 0
apple0133.png, 0
apple0134.png, 0
apple0135.png, 0
apple0136.png, 0
apple0137.png, 0
apple0138.png, 0
apple0139.png, 0
apple0140.png, 0
apple0141.png, 0
apple0142.png, 0
apple0143.png, 0
apple0144.png, 0
apple0145.png, 0
apple0146.png, 0
apple0147.png, 0
apple0148.png, 0
apple0149.png, 0
apple0150.png, 0
apple0151.png, 0
apple0152.png, 0
apple0153.png, 0
apple0154.png, 0
apple0155.png, 0
apple0156.png, 0
apple0157.png, 0
apple0158.png, 0
apple0159.png, 0
apple0160.png, 0
apple0161.png, 0
apple0162.png, 0
apple0163.png, 0
apple0164.png, 0
apple0165.png, 0
apple0166.png, 0
apple0167.png, 0
apple0168.png, 0
apple0169.png, 0
apple0170.png, 0
apple0171.png, 0
apple0172.png, 0
apple0173.png, 0
apple0174.png, 0
apple0175.png, 0
apple0176.png, 0
apple0177.png, 0
apple0178.png, 0
apple0179.png, 0
apple0180.png, 0
apple0181.png, 0
apple0182.png, 0
apple0183.png, 0
apple0184.png, 0
apple0185.png, 0
apple0186.png, 0
apple0187.png, 0
apple0188.png, 0
apple0189.png, 0
apple0190.png, 0
apple0191.png, 0
apple0192.png, 0
apple0193.png, 0
apple0194.png, 0
apple0195.png, 0
apple0196.png, 0
apple0197.png, 0
apple0198.png, 0
apple0199.png, 0
apple0200.png, 0
apple0201.png, 0
apple0202.png, 0
apple0203.png, 0
apple0204.png, 0
apple0205.png, 0
apple0206.png, 0
apple0207.png, 0
apple0208.png, 0
apple0209.png, 0
apple0210.png, 0
apple0211.png, 0
apple0212.png, 0
apple0213.png, 0
apple0214.png, 0
apple0215.png, 0
apple0216.png, 0
apple0217.png, 0
apple0218.png, 0
apple0219.png, 0
apple0220.png, 0
apple0221.png, 0
apple0222.png, 0
apple0223.png, 0
apple0224.png, 0
apple0225.png, 0
apple0226.png, 0
apple0227.png, 0
apple0228.png, 0
apple0229.png, 0
apple0230.png, 0
apple0231.png, 0
apple0232.png, 0
apple0233.png, 0
apple0234.png, 0
apple0235.png, 0
apple0236.png, 0
apple0237.png, 0
apple0238.png, 0
apple0239.png, 0
apple0240.png, 0
apple0241.png, 0
apple0242.png, 0
apple0243.png, 0
apple0244.png, 0
apple0245.png, 0
apple0246.png, 0
apple0247.png, 0
apple0248.png, 0
apple0249.png, 0
apple0250.png, 0
apple0251.png, 0
apple0252.png, 0
apple0253.png, 0
apple0254.png, 0
apple0255.png, 0
apple0256.png, 0
apple0257.png, 0
apple0258.png, 0
apple0259.png, 0
apple0260.png, 0
apple0261.png, 0
apple0262.png, 0
apple0263.png, 0
apple0264.png, 0
apple0265.png, 0
apple0266.png, 0
apple0267.png, 0
apple0268.png, 0
apple0269.png, 0
apple0270.png, 0
apple0271.jpeg, 0
apple0272.jpeg, 0
apple0273.jpeg, 0
apple0274.jpeg, 0
apple0275.jpeg, 0
apple0276.jpeg, 0
apple0277.jpeg, 0
apple0278.jpeg, 0
apple0279.jpeg, 0
apple0280.jpeg, 0
apple0281.jpeg, 0
apple0282.jpeg, 0
apple0283.jpeg, 0
apple0284.jpeg, 0
apple0285.jpeg, 0
apple0286.jpeg, 0
apple0287.jpeg, 0
apple0288.jpeg, 0
apple0289.jpeg, 0
apple0290.jpeg, 0
apple0291.jpeg, 0
apple0292.jpeg, 0
apple0293.jpeg, 0
apple0294.jpeg, 0
apple0295.jpeg, 0
apple0296.jpeg, 0
apple0297.jpeg, 0
apple0298.jpeg, 0
apple0299.jpeg, 0
apple0300.jpeg, 0
apple0301.jpeg, 0
apple0302.jpeg, 0
apple0303.jpeg, 0
apple0304.jpeg, 0
apple0305.jpeg, 0
apple0306.jpeg, 0
apple0307.jpeg, 0
apple0308.jpeg, 0
apple0309.jpeg, 0
apple0310.jpeg, 0
apple0311.jpeg, 0
apple0312.jpeg, 0
apple0313.jpeg, 0
apple0314.jpeg, 0
apple0315.jpeg, 0
apple0316.jpeg, 0
apple0317.jpeg, 0
apple0318.jpeg, 0
apple0319.jpeg, 0
apple0320.jpeg, 0
apple0321.jpeg, 0
apple0322.jpeg, 0
apple0323.jpeg, 0
apple0324.jpeg, 0
apple0325.jpeg, 0
apple0326.jpeg, 0
apple0327.jpeg, 0
apple0328.jpeg, 0
apple0329.jpeg, 0
apple0330.jpeg, 0
apple0331.jpeg, 0
apple0332.jpeg, 0
apple0333.jpeg, 0
apple0334.jpeg, 0
apple0335.jpeg, 0
apple0336.jpeg, 0
apple0337.jpeg, 0
apple0338.jpeg, 0
apple0339.jpeg, 0
apple0340.jpeg, 0
apple0341.jpeg, 0
apple0342.jpeg, 0
apple0343.jpeg, 0
apple0344.jpeg, 0
apple0345.jpeg, 0
apple0346.jpeg, 0
apple0347.jpeg, 0
apple0348.jpeg, 0
apple0349.jpeg, 0
apple0350.jpeg, 0
apple0351.jpeg, 0
apple0352.jpeg, 0
apple0353.jpeg, 0
apple0354.jpeg, 0
apple0355.jpeg, 0
apple0356.jpeg, 0
apple0357.jpeg, 0
apple0358.jpeg, 0
apple0359.jpeg, 0
apple0360.jpeg, 0
apple0361.jpeg, 0
apple0362.jpeg, 0
apple0363.jpeg, 0
apple0364.jpeg, 0
apple0365.jpeg, 0
apple0366.jpeg, 0
apple0367.jpeg, 0
apple0368.jpeg, 0
apple0369.jpeg, 0
apple0370.jpeg, 0
apple0371.jpeg, 0
apple0372.jpeg, 0
apple0373.jpeg, 0
apple0374.jpeg, 0
apple0375.jpeg, 0
apple0376.jpeg, 0
apple0377.jpeg, 0
apple0378.jpeg, 0
apple0379.jpeg, 0
apple0380.jpeg, 0
apple0381.jpeg, 0
apple0382.jpeg, 0
apple0383.jpeg, 0
apple0384.jpeg, 0
apple0385.jpeg, 0
apple0386.jpeg, 0
apple0387.jpeg, 0
apple0388.jpeg, 0
apple0389.jpeg, 0
apple0390.jpeg, 0
apple0391.jpeg, 0
apple0392.jpeg, 0
apple0393.jpeg, 0
apple0394.jpeg, 0
apple0395.jpeg, 0
apple0396.jpeg, 0
apple0397.jpeg, 0
apple0398.jpeg, 0
apple0399.jpeg, 0
apple0400.jpeg, 0
apple0401.jpeg, 0
apple0402.jpeg, 0
apple0403.jpeg, 0
apple0404.jpeg, 0
apple0405.jpeg, 0
apple0406.jpeg, 0
apple0407.jpeg, 0
apple0408.jpeg, 0
apple0409.jpeg, 0
apple0410.jpeg, 0
apple0411.jpeg, 0
apple0412.jpeg, 0
apple0413.jpeg, 0
apple0414.jpeg, 0
apple0415.jpeg, 0
apple0416.jpeg, 0
apple0417.jpeg, 0
apple0418.jpeg, 0
apple0419.jpeg, 0
apple0420.jpeg, 0
apple0421.jpeg, 0
apple0422.jpeg, 0
apple0423.jpeg, 0
apple0424.jpeg, 0
apple0425.jpeg, 0
apple0426.jpeg, 0
apple0427.jpeg, 0
apple0428.jpeg, 0
apple0429.jpeg, 0
apple0430.jpeg, 0
apple0431.jpeg, 0
apple0432.jpeg, 0
apple0433.jpeg, 0
apple0434.jpeg, 0
apple0435.jpeg, 0
apple0436.jpeg, 0
apple0437.jpeg, 0
apple0438.jpeg, 0
apple0439.jpeg, 0
apple0440.jpeg, 0
apple0441.jpeg, 0
apple0442.jpeg, 0
apple0443.jpeg, 0
apple0444.jpeg, 0
apple0445.jpeg, 0
apple0446.jpeg, 0
apple0447.jpeg, 0
apple0448.jpeg, 0
apple0449.jpeg, 0
apple0450.jpeg, 0
apple0451.jpeg, 0
apple0452.jpeg, 0
apple0453.jpeg, 0
apple0454.jpeg, 0
apple0455.jpeg, 0
apple0456.jpeg, 0
apple0457.jpeg, 0
apple0458.jpeg, 0
apple0459.jpeg, 0
apple0460.jpeg, 0
apple0461.jpeg, 0
apple0462.jpeg, 0
apple0463.jpeg, 0
apple0464.jpeg, 0
apple0465.jpeg, 0
apple0466.jpeg, 0
apple0467.jpeg, 0
apple0468.jpeg, 0
apple0469.jpeg, 0
apple0470.jpeg, 0
apple0471.jpeg, 0
apple0472.jpeg, 0
apple0473.jpeg, 0
apple0474.jpeg, 0
apple0475.jpeg, 0
apple0476.jpeg, 0
apple0477.jpeg, 0
apple0478.jpeg, 0
apple0479.jpeg, 0
apple0480.jpeg, 0
apple0481.jpeg, 0
apple0482.jpeg, 0
apple0483.jpeg, 0
apple0484.jpeg, 0
apple0485.jpeg, 0
apple0486.jpeg, 0
apple0487.jpeg, 0
apple0488.jpeg, 0
apple0489.jpeg, 0
apple0490.jpeg, 0
apple0491.jpeg, 0
apple0492.jpeg, 0
apple0493.jpeg, 0
apple0494.jpeg, 0
apple0495.jpeg, 0
apple0496.jpeg, 0
apple0497.jpeg, 0
apple0498.jpeg, 0
apple0499.jpeg, 0
apple0500.jpeg, 0
banana0001.jpg, 1
banana0002.jpg, 1
banana0003.jpg, 1
banana0004.jpg, 1
banana0005.jpg, 1
banana0006.jpg, 1
banana0007.jpg, 1
banana0008.jpg, 1
banana0009.jpg, 1
banana0010.jpg, 1
banana0011.jpg, 1
banana0012.jpg, 1
banana0013.jpg, 1
banana0014.jpg, 1
banana0015.jpg, 1
banana0016.jpg, 1
banana0017.jpg, 1
banana0018.jpg, 1
banana0019.jpg, 1
banana0020.jpg, 1
banana0021.jpg, 1
banana0022.jpg, 1
banana0023.jpg, 1
banana0024.jpg, 1
banana0025.jpg, 1
banana0026.jpg, 1
banana0027.jpg, 1
banana0028.jpg, 1
banana0029.jpg, 1
banana0030.jpg, 1
banana0031.jpg, 1
banana0032.jpg, 1
banana0033.jpg, 1
banana0034.jpg, 1
banana0035.jpg, 1
banana0036.jpg, 1
banana0037.jpg, 1
banana0038.jpg, 1
banana0039.jpg, 1
banana0040.jpg, 1
banana0041.jpg, 1
banana0042.jpg, 1
banana0043.jpeg, 1
banana0044.png, 1
banana0045.jpeg, 1
banana0046.png, 1
banana0047.jpeg, 1
banana0048.png, 1
banana0049.jpeg, 1
banana0050.png, 1
banana0051.jpeg, 1
banana0052.png, 1
banana0053.jpeg, 1
banana0054.png, 1
banana0055.jpeg, 1
banana0056.png, 1
banana0057.jpeg, 1
banana0058.png, 1
banana0059.jpeg, 1
banana0060.png, 1
banana0061.jpeg, 1
banana0062.png, 1
banana0063.jpeg, 1
banana0064.png, 1
banana0065.jpeg, 1
banana0066.png, 1
banana0067.jpeg, 1
banana0068.png, 1
banana0069.jpeg, 1
banana0070.png, 1
banana0071.jpeg, 1
banana0072.png, 1
banana0073.jpeg, 1
banana0074.png, 1
banana0075.jpeg, 1
banana0076.png, 1
banana0077.jpeg, 1
banana0078.png, 1
banana0079.jpeg, 1
banana0080.png, 1
banana0081.jpeg, 1
banana0082.png, 1
banana0083.jpeg, 1
banana0084.png, 1
banana0085.jpeg, 1
banana0086.png, 1
banana0087.jpeg, 1
banana0088.png, 1
banana0089.jpeg, 1
banana0090.png, 1
banana0091.jpeg, 1
banana0092.png, 1
banana0093.jpeg, 1
banana0094.png, 1
banana0095.jpeg, 1
banana0096.png, 1
banana0097.jpeg, 1
banana0098.png, 1
banana0099.jpeg, 1
banana0100.png, 1
banana0101.jpeg, 1
banana0102.png, 1
banana0103.jpeg, 1
banana0104.png, 1
banana0105.jpeg, 1
banana0106.png, 1
banana0107.jpeg, 1
banana0108.png, 1
banana0109.jpeg, 1
banana0110.png, 1
banana0111.jpeg, 1
banana0112.png, 1
banana0113.jpeg, 1
banana0114.png, 1
banana0115.jpeg, 1
banana0116.png, 1
banana0117.jpeg, 1
banana0118.png, 1
banana0119.jpeg, 1
banana0120.png, 1
banana0121.jpeg, 1
banana0122.png, 1
banana0123.jpeg, 1
banana0124.png, 1
banana0125.jpeg, 1
banana0126.png, 1
banana0127.jpeg, 1
banana0128.png, 1
banana0129.jpeg, 1
banana0130.png, 1
banana0131.jpeg, 1
banana0132.png, 1
banana0133.jpeg, 1
banana0134.png, 1
banana0135.jpeg, 1
banana0136.png, 1
banana0137.jpeg, 1
banana0138.png, 1
banana0139.jpeg, 1
banana0140.png, 1
banana0141.jpeg, 1
banana0142.png, 1
banana0143.jpeg, 1
banana0144.png, 1
banana0145.jpeg, 1
banana0146.png, 1
banana0147.jpeg, 1
banana0148.png, 1
banana0149.jpeg, 1
banana0150.png, 1
banana0151.jpeg, 1
banana0152.png, 1
banana0153.jpeg, 1
banana0154.png, 1
banana0155.jpeg, 1
banana0156.png, 1
banana0157.jpeg, 1
banana0158.png, 1
banana0159.jpeg, 1
banana0160.png, 1
banana0161.jpeg, 1
banana0162.png, 1
banana0163.jpeg, 1
banana0164.png, 1
banana0165.jpeg, 1
banana0166.png, 1
banana0167.jpeg, 1
banana0168.png, 1
banana0169.jpeg, 1
banana0170.png, 1
banana0171.jpeg, 1
banana0172.png, 1
banana0173.jpeg, 1
banana0174.png, 1
banana0175.jpeg, 1
banana0176.png, 1
banana0177.jpeg, 1
banana0178.png, 1
banana0179.jpeg, 1
banana0180.png, 1
banana0181.jpeg, 1
banana0182.png, 1
banana0183.jpeg, 1
banana0184.png, 1
banana0185.jpeg, 1
banana0186.png, 1
banana0187.jpeg, 1
banana0188.png, 1
banana0189.jpeg, 1
banana0190.png, 1
banana0191.jpeg, 1
banana0192.png, 1
banana0193.jpeg, 1
banana0194.png, 1
banana0195.jpeg, 1
banana0196.png, 1
banana0197.jpeg, 1
banana0198.png, 1
banana0199.jpeg, 1
banana0200.png, 1
banana0201.jpeg, 1
banana0202.png, 1
banana0203.jpeg, 1
banana0204.png, 1
banana0205.jpeg, 1
banana0206.png, 1
banana0207.jpeg, 1
banana0208.png, 1
banana0209.jpeg, 1
banana0210.png, 1
banana0211.jpeg, 1
banana0212.png, 1
banana0213.jpeg, 1
banana0214.png, 1
banana0215.jpeg, 1
banana0216.png, 1
banana0217.jpeg, 1
banana0218.png, 1
banana0219.jpeg, 1
banana0220.png, 1
banana0221.jpeg, 1
banana0222.png, 1
banana0223.jpeg, 1
banana0224.png, 1
banana0225.jpeg, 1
banana0226.png, 1
banana0227.jpeg, 1
banana0228.png, 1
banana0229.jpeg, 1
banana0230.png, 1
banana0231.jpeg, 1
banana0232.png, 1
banana0233.jpeg, 1
banana0234.png, 1
banana0235.jpeg, 1
banana0236.png, 1
banana0237.jpeg, 1
banana0238.png, 1
banana0239.jpeg, 1
banana0240.png, 1
banana0241.jpeg, 1
banana0242.png, 1
banana0243.jpeg, 1
banana0244.png, 1
banana0245.jpeg, 1
banana0246.png, 1
banana0247.jpeg, 1
banana0248.png, 1
banana0249.jpeg, 1
banana0250.png, 1
banana0251.jpeg, 1
banana0252.png, 1
banana0253.jpeg, 1
banana0254.png, 1
banana0255.jpeg, 1
banana0256.png, 1
banana0257.jpeg, 1
banana0258.png, 1
banana0259.jpeg, 1
banana0260.png, 1
banana0261.jpeg, 1
banana0262.png, 1
banana0263.jpeg, 1
banana0264.png, 1
banana0265.jpeg, 1
banana0266.png, 1
banana0267.jpeg, 1
banana0268.png, 1
banana0269.jpeg, 1
banana0270.png, 1
banana0271.jpeg, 1
banana0272.png, 1
banana0273.jpeg, 1
banana0274.png, 1
banana0275.jpeg, 1
banana0276.png, 1
banana0277.jpeg, 1
banana0278.png, 1
banana0279.jpeg, 1
banana0280.png, 1
banana0281.jpeg, 1
banana0282.png, 1
banana0283.jpeg, 1
banana0284.png, 1
banana0285.jpeg, 1
banana0286.png, 1
banana0287.jpeg, 1
banana0288.png, 1
banana0289.jpeg, 1
banana0290.png, 1
banana0291.jpeg, 1
banana0292.png, 1
banana0293.jpeg, 1
banana0294.png, 1
banana0295.jpeg, 1
banana0296.png, 1
banana0297.jpeg, 1
banana0298.png, 1
banana0299.jpeg, 1
banana0300.png, 1
banana0301.jpeg, 1
banana0302.png, 1
banana0303.jpeg, 1
banana0304.png, 1
banana0305.jpeg, 1
banana0306.png, 1
banana0307.jpeg, 1
banana0308.png, 1
banana0309.jpeg, 1
banana0310.png, 1
banana0311.jpeg, 1
banana0312.png, 1
banana0313.jpeg, 1
banana0314.png, 1
banana0315.jpeg, 1
banana0316.png, 1
banana0317.jpeg, 1
banana0318.png, 1
banana0319.jpeg, 1
banana0320.png, 1
banana0321.jpeg, 1
banana0322.png, 1
banana0323.jpeg, 1
banana0324.png, 1
banana0325.jpeg, 1
banana0326.png, 1
banana0327.jpeg, 1
banana0328.png, 1
banana0329.jpeg, 1
banana0330.png, 1
banana0331.jpeg, 1
banana0332.png, 1
banana0333.jpeg, 1
banana0334.png, 1
banana0335.jpeg, 1
banana0336.png, 1
banana0337.jpeg, 1
banana0338.png, 1
banana0339.jpeg, 1
banana0340.png, 1
banana0341.jpeg, 1
banana0342.png, 1
banana0343.jpeg, 1
banana0344.png, 1
banana0345.jpeg, 1
banana0346.png, 1
banana0347.jpeg, 1
banana0348.png, 1
banana0349.jpeg, 1
banana0350.png, 1
banana0351.jpeg, 1
banana0352.png, 1
banana0353.jpeg, 1
banana0354.png, 1
banana0355.jpeg, 1
banana0356.png, 1
banana0357.jpeg, 1
banana0358.png, 1
banana0359.jpeg, 1
banana0360.png, 1
banana0361.jpeg, 1
banana0362.png, 1
banana0363.jpeg, 1
banana0364.png, 1
banana0365.jpeg, 1
banana0366.png, 1
banana0367.jpeg, 1
banana0368.png, 1
banana0369.jpeg, 1
banana0370.png, 1
banana0371.jpeg, 1
banana0372.png, 1
banana0373.jpeg, 1
banana0374.png, 1
banana0375.jpeg, 1
banana0376.png, 1
banana0377.jpeg, 1
banana0378.png, 1
banana0379.jpeg, 1
banana0380.png, 1
banana0381.jpeg, 1
banana0382.png, 1
banana0383.jpeg, 1
banana0384.png, 1
banana0385.jpeg, 1
banana0386.png, 1
banana0387.jpeg, 1
banana0388.png, 1
banana0389.jpeg, 1
banana0390.png, 1
banana0391.jpeg, 1
banana0392.png, 1
banana0393.jpeg, 1
banana0394.png, 1
banana0395.jpeg, 1
banana0396.png, 1
banana0397.jpeg, 1
banana0398.png, 1
banana0399.jpeg, 1
banana0400.png, 1
banana0401.jpeg, 1
banana0402.png, 1
banana0403.jpeg, 1
banana0404.png, 1
banana0405.jpeg, 1
banana0406.png, 1
banana0407.jpeg, 1
banana0408.png, 1
banana0409.jpeg, 1
banana0410.png, 1
banana0411.jpeg, 1
banana0412.png, 1
banana0413.jpeg, 1
banana0414.png, 1
banana0415.jpeg, 1
banana0416.png, 1
banana0417.jpeg, 1
banana0418.png, 1
banana0419.jpeg, 1
banana0420.png, 1
banana0421.jpeg, 1
banana0422.png, 1
banana0423.jpeg, 1
banana0424.png, 1
banana0425.jpeg, 1
banana0426.png, 1
banana0427.jpeg, 1
banana0428.png, 1
banana0429.jpeg, 1
banana0430.png, 1
banana0431.jpeg, 1
banana0432.png, 1
banana0433.jpeg, 1
banana0434.png, 1
banana0435.jpeg, 1
banana0436.png, 1
banana0437.jpeg, 1
banana0438.png, 1
banana0439.jpeg, 1
banana0440.png, 1
banana0441.jpeg, 1
banana0442.png, 1
banana0443.jpeg, 1
banana0444.png, 1
banana0445.jpeg, 1
banana0446.png, 1
banana0447.jpeg, 1
banana0448.png, 1
banana0449.jpeg, 1
banana0450.png, 1
banana0451.jpeg, 1
banana0452.png, 1
banana0453.jpeg, 1
banana0454.png, 1
banana0455.jpeg, 1
banana0456.png, 1
banana0457.jpeg, 1
banana0458.png, 1
banana0459.jpeg, 1
banana0460.png, 1
banana0461.jpeg, 1
banana0462.png, 1
banana0463.jpeg, 1
banana0464.png, 1
banana0465.jpeg, 1
banana0466.png, 1
banana0467.jpeg, 1
banana0468.png, 1
banana0469.jpeg, 1
banana0470.png, 1
banana0471.jpeg, 1
banana0472.png, 1
banana0473.jpeg, 1
banana0474.png, 1
banana0475.jpeg, 1
banana0476.png, 1
banana0477.jpeg, 1
banana0478.png, 1
banana0479.jpeg, 1
banana0480.jpeg, 1
banana0481.jpeg, 1
banana0482.jpeg, 1
banana0483.jpeg, 1
banana0484.jpeg, 1
banana0485.jpeg, 1
banana0486.jpeg, 1
banana0487.jpeg, 1
banana0488.jpeg, 1
banana0489.jpeg, 1
banana0490.jpeg, 1
banana0491.jpg, 1
banana0492.jpg, 1
banana0493.jpg, 1
banana0494.jpg, 1
banana0495.jpg, 1
banana0496.jpg, 1
banana0497.jpg, 1
banana0498.jpg, 1
banana0499.jpg, 1
banana0500.jpg, 1
orange0001.jpg, 2
orange0002.jpg, 2
orange0003.jpg, 2
orange0004.jpg, 2
orange0005.jpg, 2
orange0006.jpg, 2
orange0007.jpg, 2
orange0008.jpg, 2
orange0009.jpg, 2
orange0010.jpg, 2
orange0011.jpg, 2
orange0012.jpg, 2
orange0013.jpg, 2
orange0014.jpg, 2
orange0015.jpg, 2
orange0016.jpg, 2
orange0017.jpg, 2
orange0018.jpg, 2
orange0019.jpg, 2
orange0020.jpg, 2
orange0021.jpg, 2
orange0022.jpg, 2
orange0023.jpg, 2
orange0024.jpg, 2
orange0025.jpg, 2
orange0026.jpg, 2
orange0027.jpg, 2
orange0028.jpg, 2
orange0029.jpg, 2
orange0030.jpg, 2
orange0031.jpg, 2
orange0032.jpg, 2
orange0033.jpg, 2
orange0034.jpg, 2
orange0035.jpg, 2
orange0036.jpg, 2
orange0037.jpg, 2
orange0038.jpg, 2
orange0039.jpg, 2
orange0040.jpg, 2
orange0041.jpg, 2
orange0042.jpg, 2
orange0043.jpg, 2
orange0044.jpg, 2
orange0045.jpg, 2
orange0046.jpg, 2
orange0047.jpg, 2
orange0048.jpg, 2
orange0049.jpg, 2
orange0050.jpg, 2
orange0051.jpg, 2
orange0052.jpg, 2
orange0053.jpg, 2
orange0054.jpg, 2
orange0055.jpg, 2
orange0056.jpg, 2
orange0057.jpg, 2
orange0058.jpg, 2
orange0059.jpg, 2
orange0060.jpg, 2
orange0061.jpg, 2
orange0062.jpg, 2
orange0063.jpg, 2
orange0064.jpg, 2
orange0065.png, 2
orange0066.png, 2
orange0067.png, 2
orange0068.png, 2
orange0069.png, 2
orange0070.png, 2
orange0071.png, 2
orange0072.png, 2
orange0073.png, 2
orange0074.png, 2
orange0075.png, 2
orange0076.png, 2
orange0077.png, 2
orange0078.png, 2
orange0079.png, 2
orange0080.png, 2
orange0081.png, 2
orange0082.png, 2
orange0083.png, 2
orange0084.png, 2
orange0085.png, 2
orange0086.png, 2
orange0087.png, 2
orange0088.png, 2
orange0089.png, 2
orange0090.png, 2
orange0091.png, 2
orange0092.png, 2
orange0093.png, 2
orange0094.png, 2
orange0095.png, 2
orange0096.png, 2
orange0097.png, 2
orange0098.png, 2
orange0099.png, 2
orange0100.png, 2
orange0101.png, 2
orange0102.png, 2
orange0103.png, 2
orange0104.png, 2
orange0105.png, 2
orange0106.png, 2
orange0107.png, 2
orange0108.png, 2
orange0109.png, 2
orange0110.png, 2
orange0111.png, 2
orange0112.png, 2
orange0113.png, 2
orange0114.png, 2
orange0115.png, 2
orange0116.png, 2
orange0117.png, 2
orange0118.png, 2
orange0119.png, 2
orange0120.png, 2
orange0121.png, 2
orange0122.png, 2
orange0123.png, 2
orange0124.png, 2
orange0125.png, 2
orange0126.png, 2
orange0127.png, 2
orange0128.png, 2
orange0129.png, 2
orange0130.png, 2
orange0131.png, 2
orange0132.png, 2
orange0133.png, 2
orange0134.png, 2
orange0135.png, 2
orange0136.png, 2
orange0137.png, 2
orange0138.png, 2
orange0139.png, 2
orange0140.png, 2
orange0141.png, 2
orange0142.png, 2
orange0143.png, 2
orange0144.png, 2
orange0145.png, 2
orange0146.png, 2
orange0147.png, 2
orange0148.png, 2
orange0149.png, 2
orange0150.png, 2
orange0151.png, 2
orange0152.png, 2
orange0153.png, 2
orange0154.png, 2
orange0155.png, 2
orange0156.png, 2
orange0157.png, 2
orange0158.png, 2
orange0159.png, 2
orange0160.png, 2
orange0161.png, 2
orange0162.png, 2
orange0163.png, 2
orange0164.png, 2
orange0165.png, 2
orange0166.png, 2
orange0167.png, 2
orange0168.png, 2
orange0169.png, 2
orange0170.png, 2
orange0171.png, 2
orange0172.png, 2
orange0173.png, 2
orange0174.png, 2
orange0175.png, 2
orange0176.png, 2
orange0177.png, 2
orange0178.png, 2
orange0179.png, 2
orange0180.png, 2
orange0181.png, 2
orange0182.png, 2
orange0183.png, 2
orange0184.png, 2
orange0185.png, 2
orange0186.png, 2
orange0187.png, 2
orange0188.png, 2
orange0189.png, 2
orange0190.png, 2
orange0191.png, 2
orange0192.png, 2
orange0193.png, 2
orange0194.png, 2
orange0195.png, 2
orange0196.png, 2
orange0197.png, 2
orange0198.png, 2
orange0199.png, 2
orange0200.png, 2
orange0201.png, 2
orange0202.png, 2
orange0203.png, 2
orange0204.png, 2
orange0205.png, 2
orange0206.png, 2
orange0207.png, 2
orange0208.png, 2
orange0209.png, 2
orange0210.png, 2
orange0211.png, 2
orange0212.png, 2
orange0213.png, 2
orange0214.png, 2
orange0215.png, 2
orange0216.png, 2
orange0217.png, 2
orange0218.png, 2
orange0219.png, 2
orange0220.png, 2
orange0221.png, 2
orange0222.png, 2
orange0223.png, 2
orange0224.png, 2
orange0225.png, 2
orange0226.png, 2
orange0227.png, 2
orange0228.png, 2
orange0229.png, 2
orange0230.png, 2
orange0231.png, 2
orange0232.png, 2
orange0233.png, 2
orange0234.png, 2
orange0235.png, 2
orange0236.png, 2
orange0237.png, 2
orange0238.png, 2
orange0239.png, 2
orange0240.png, 2
orange0241.png, 2
orange0242.png, 2
orange0243.png, 2
orange0244.png, 2
orange0245.png, 2
orange0246.png, 2
orange0247.png, 2
orange0248.png, 2
orange0249.png, 2
orange0250.png, 2
orange0251.png, 2
orange0252.png, 2
orange0253.png, 2
orange0254.png, 2
orange0255.png, 2
orange0256.png, 2
orange0257.png, 2
orange0258.png, 2
orange0259.png, 2
orange0260.png, 2
orange0261.png, 2
orange0262.png, 2
orange0263.png, 2
orange0264.png, 2
orange0265.png, 2
orange0266.png, 2
orange0267.png, 2
orange0268.png, 2
orange0269.png, 2
orange0270.png, 2
orange0271.jpeg, 2
orange0272.jpeg, 2
orange0273.jpeg, 2
orange0274.jpeg, 2
orange0275.jpeg, 2
orange0276.jpeg, 2
orange0277.jpeg, 2
orange0278.jpeg, 2
orange0279.jpeg, 2
orange0280.jpeg, 2
orange0281.jpeg, 2
orange0282.jpeg, 2
orange0283.jpeg, 2
orange0284.jpeg, 2
orange0285.jpeg, 2
orange0286.jpeg, 2
orange0287.jpeg, 2
orange0288.jpeg, 2
orange0289.jpeg, 2
orange0290.jpeg, 2
orange0291.jpeg, 2
orange0292.jpeg, 2
orange0293.jpeg, 2
orange0294.jpeg, 2
orange0295.jpeg, 2
orange0296.jpeg, 2
orange0297.jpeg, 2
orange0298.jpeg, 2
orange0299.jpeg, 2
orange0300.jpeg, 2
orange0301.jpeg, 2
orange0302.jpeg, 2
orange0303.jpeg, 2
orange0304.jpeg, 2
orange0305.jpeg, 2
orange0306.jpeg, 2
orange0307.jpeg, 2
orange0308.jpeg, 2
orange0309.jpeg, 2
orange0310.jpeg, 2
orange0311.jpeg, 2
orange0312.jpeg, 2
orange0313.jpeg, 2
orange0314.jpeg, 2
orange0315.jpeg, 2
orange0316.jpeg, 2
orange0317.jpeg, 2
orange0318.jpeg, 2
orange0319.jpeg, 2
orange0320.jpeg, 2
orange0321.jpeg, 2
orange0322.jpeg, 2
orange0323.jpeg, 2
orange0324.jpeg, 2
orange0325.jpeg, 2
orange0326.jpeg, 2
orange0327.jpeg, 2
orange0328.jpeg, 2
orange0329.jpeg, 2
orange0330.jpeg, 2
orange0331.jpeg, 2
orange0332.jpeg, 2
orange0333.jpeg, 2
orange0334.jpeg, 2
orange0335.jpeg, 2
orange0336.jpeg, 2
orange0337.jpeg, 2
orange0338.jpeg, 2
orange0339.jpeg, 2
orange0340.jpeg, 2
orange0341.jpeg, 2
orange0342.jpeg, 2
orange0343.jpeg, 2
orange0344.jpeg, 2
orange0345.jpeg, 2
orange0346.jpeg, 2
orange0347.jpeg, 2
orange0348.jpeg, 2
orange0349.jpeg, 2
orange0350.jpeg, 2
orange0351.jpeg, 2
orange0352.jpeg, 2
orange0353.jpeg, 2
orange0354.jpeg, 2
orange0355.jpeg, 2
orange0356.jpeg, 2
orange0357.jpeg, 2
orange0358.jpeg, 2
orange0359.jpeg, 2
orange0360.jpeg, 2
orange0361.jpeg, 2
orange0362.jpeg, 2
orange0363.jpeg, 2
orange0364.jpeg, 2
orange0365.jpeg, 2
orange0366.jpeg, 2
orange0367.jpeg, 2
orange0368.jpeg, 2
orange0369.jpeg, 2
orange0370.jpeg, 2
orange0371.jpeg, 2
orange0372.jpeg, 2
orange0373.jpeg, 2
orange0374.jpeg, 2
orange0375.jpeg, 2
orange0376.jpeg, 2
orange0377.jpeg, 2
orange0378.jpeg, 2
orange0379.jpeg, 2
orange0380.jpeg, 2
orange0381.jpeg, 2
orange0382.jpeg, 2
orange0383.jpeg, 2
orange0384.jpeg, 2
orange0385.jpeg, 2
orange0386.jpeg, 2
orange0387.jpeg, 2
orange0388.jpeg, 2
orange0389.jpeg, 2
orange0390.jpeg, 2
orange0391.jpeg, 2
orange0392.jpeg, 2
orange0393.jpeg, 2
orange0394.jpeg, 2
orange0395.jpeg, 2
orange0396.jpeg, 2
orange0397.jpeg, 2
orange0398.jpeg, 2
orange0399.jpeg, 2
orange0400.jpeg, 2
orange0401.jpeg, 2
orange0402.jpeg, 2
orange0403.jpeg, 2
orange0404.jpeg, 2
orange0405.jpeg, 2
orange0406.jpeg, 2
orange0407.jpeg, 2
orange0408.jpeg, 2
orange0409.jpeg, 2
orange0410.jpeg, 2
orange0411.jpeg, 2
orange0412.jpeg, 2
orange0413.jpeg, 2
orange0414.jpeg, 2
orange0415.jpeg, 2
orange0416.jpeg, 2
orange0417.jpeg, 2
orange0418.jpeg, 2
orange0419.jpeg, 2
orange0420.jpeg, 2
orange0421.jpeg, 2
orange0422.jpeg, 2
orange0423.jpeg, 2
orange0424.jpeg, 2
orange0425.jpeg, 2
orange0426.jpeg, 2
orange0427.jpeg, 2
orange0428.jpeg, 2
orange0429.jpeg, 2
orange0430.jpeg, 2
orange0431.jpeg, 2
orange0432.jpeg, 2
orange0433.jpeg, 2
orange0434.jpeg, 2
orange0435.jpeg, 2
orange0436.jpeg, 2
orange0437.jpeg, 2
orange0438.jpeg, 2
orange0439.jpeg, 2
orange0440.jpeg, 2
orange0441.jpeg, 2
orange0442.jpeg, 2
orange0443.jpeg, 2
orange0444.jpeg, 2
orange0445.jpeg, 2
orange0446.jpeg, 2
orange0447.jpeg, 2
orange0448.jpeg, 2
orange0449.jpeg, 2
orange0450.jpeg, 2
orange0451.jpeg, 2
orange0452.jpeg, 2
orange0453.jpeg, 2
orange0454.jpeg, 2
orange0455.jpeg, 2
orange0456.jpeg, 2
orange0457.jpeg, 2
orange0458.jpeg, 2
orange0459.jpeg, 2
orange0460.jpeg, 2
orange0461.jpeg, 2
orange0462.jpeg, 2
orange0463.jpeg, 2
orange0464.jpeg, 2
orange0465.jpeg, 2
orange0466.jpeg, 2
orange0467.jpeg, 2
orange0468.jpeg, 2
orange0469.jpeg, 2
orange0470.jpeg, 2
orange0471.jpeg, 2
orange0472.jpeg, 2
orange0473.jpeg, 2
orange0474.jpeg, 2
orange0475.jpeg, 2
orange0476.jpeg, 2
orange0477.jpeg, 2
orange0478.jpeg, 2
orange0479.jpeg, 2
orange0480.jpeg, 2
orange0481.jpeg, 2
orange0482.jpeg, 2
orange0483.jpeg, 2
orange0484.jpeg, 2
orange0485.jpeg, 2
orange0486.jpeg, 2
orange0487.jpeg, 2
orange0488.jpeg, 2
orange0489.jpeg, 2
orange0490.jpeg, 2
orange0491.jpeg, 2
orange0492.jpeg, 2
orange0493.jpeg, 2
orange0494.jpeg, 2
orange0495.jpeg, 2
orange0496.jpeg, 2
orange0497.jpeg, 2
orange0498.jpeg, 2
orange0499.jpeg, 2
orange0500.jpeg, 2
pineapple0001.jpg, 3
pineapple0002.jpg, 3
pineapple0003.jpg, 3
pineapple0004.jpg, 3
pineapple0005.jpg, 3
pineapple0006.jpg, 3
pineapple0007.jpg, 3
pineapple0008.jpg, 3
pineapple0009.jpg, 3
pineapple0010.jpg, 3
pineapple0011.jpg, 3
pineapple0012.jpg, 3
pineapple0013.jpg, 3
pineapple0014.jpg, 3
pineapple0015.jpg, 3
pineapple0016.jpg, 3
pineapple0017.jpg, 3
pineapple0018.jpg, 3
pineapple0019.jpg, 3
pineapple0020.jpg, 3
pineapple0021.jpg, 3
pineapple0022.jpg, 3
pineapple0023.jpg, 3
pineapple0024.jpg, 3
pineapple0025.jpg, 3
pineapple0026.jpg, 3
pineapple0027.jpg, 3
pineapple0028.jpg, 3
pineapple0029.jpg, 3
pineapple0030.jpg, 3
pineapple0031.jpg, 3
pineapple0032.jpg, 3
pineapple0033.jpg, 3
pineapple0034.jpg, 3
pineapple0035.jpg, 3
pineapple0036.jpg, 3
pineapple0037.jpg, 3
pineapple0038.jpg, 3
pineapple0039.jpg, 3
pineapple0040.jpg, 3
pineapple0041.jpg, 3
pineapple0042.jpg, 3
pineapple0043.jpg, 3
pineapple0044.jpg, 3
pineapple0045.jpg, 3
pineapple0046.jpg, 3
pineapple0047.jpg, 3
pineapple0048.jpg, 3
pineapple0049.jpg, 3
pineapple0050.jpg, 3
pineapple0051.jpg, 3
pineapple0052.jpg, 3
pineapple0053.jpg, 3
pineapple0054.jpg, 3
pineapple0055.jpg, 3
pineapple0056.jpg, 3
pineapple0057.jpg, 3
pineapple0058.jpg, 3
pineapple0059.jpg, 3
pineapple0060.jpg, 3
pineapple0061.jpg, 3
pineapple0062.jpg, 3
pineapple0063.jpg, 3
pineapple0064.jpg, 3
pineapple0065.jpg, 3
pineapple0066.jpg, 3
pineapple0067.jpg, 3
pineapple0068.jpg, 3
pineapple0069.jpg, 3
pineapple0070.jpg, 3
pineapple0071.jpg, 3
pineapple0072.jpg, 3
pineapple0073.jpg, 3
pineapple0074.jpg, 3
pineapple0075.jpg, 3
pineapple0076.jpg, 3
pineapple0077.jpg, 3
pineapple0078.jpg, 3
pineapple0079.jpg, 3
pineapple0080.jpg, 3
pineapple0081.jpg, 3
pineapple0082.jpg, 3
pineapple0083.jpg, 3
pineapple0084.jpg, 3
pineapple0085.jpg, 3
pineapple0086.jpg, 3
pineapple0087.jpg, 3
pineapple0088.jpg, 3
pineapple0089.jpg, 3
pineapple0090.jpg, 3
pineapple0091.jpg, 3
pineapple0092.jpg, 3
pineapple0093.jpg, 3
pineapple0094.jpg, 3
pineapple0095.jpg, 3
pineapple0096.jpg, 3
pineapple0097.jpg, 3
pineapple0098.jpg, 3
pineapple0099.jpg, 3
pineapple0100.jpg, 3
pineapple0101.jpg, 3
pineapple0102.jpg, 3
pineapple0103.jpg, 3
pineapple0104.jpg, 3
pineapple0105.jpg, 3
pineapple0106.jpg, 3
pineapple0107.jpg, 3
pineapple0108.jpg, 3
pineapple0109.jpg, 3
pineapple0110.jpg, 3
pineapple0111.jpg, 3
pineapple0112.jpg, 3
pineapple0113.jpg, 3
pineapple0114.jpg, 3
pineapple0115.jpg, 3
pineapple0116.jpg, 3
pineapple0117.jpg, 3
pineapple0118.jpg, 3
pineapple0119.jpg, 3
pineapple0120.jpg, 3
pineapple0121.jpg, 3
pineapple0122.jpg, 3
pineapple0123.jpg, 3
pineapple0124.jpg, 3
pineapple0125.jpg, 3
pineapple0126.jpg, 3
pineapple0127.jpg, 3
pineapple0128.jpg, 3
pineapple0129.jpg, 3
pineapple0130.jpg, 3
pineapple0131.jpg, 3
pineapple0132.jpg, 3
pineapple0133.jpg, 3
pineapple0134.jpg, 3
pineapple0135.jpg, 3
pineapple0136.jpg, 3
pineapple0137.jpg, 3
pineapple0138.jpg, 3
pineapple0139.jpg, 3
pineapple0140.jpg, 3
pineapple0141.jpg, 3
pineapple0142.jpg, 3
pineapple0143.jpg, 3
pineapple0144.jpg, 3
pineapple0145.jpg, 3
pineapple0146.jpg, 3
pineapple0147.jpg, 3
pineapple0148.jpg, 3
pineapple0149.jpg, 3
pineapple0150.jpg, 3
pineapple0151.jpg, 3
pineapple0152.jpg, 3
pineapple0153.jpg, 3
pineapple0154.jpg, 3
pineapple0155.jpg, 3
pineapple0156.jpg, 3
pineapple0157.jpg, 3
pineapple0158.jpg, 3
pineapple0159.jpg, 3
pineapple0160.jpg, 3
pineapple0161.jpg, 3
pineapple0162.jpg, 3
pineapple0163.jpg, 3
pineapple0164.jpg, 3
pineapple0165.jpg, 3
pineapple0166.jpg, 3
pineapple0167.jpg, 3
pineapple0168.jpg, 3
pineapple0169.jpg, 3
pineapple0170.jpg, 3
pineapple0171.jpg, 3
pineapple0172.jpg, 3
pineapple0173.jpg, 3
pineapple0174.jpg, 3
pineapple0175.jpg, 3
pineapple0176.jpg, 3
pineapple0177.jpg, 3
pineapple0178.jpg, 3
pineapple0179.jpg, 3
pineapple0180.jpg, 3
pineapple0181.jpg, 3
pineapple0182.jpg, 3
pineapple0183.jpg, 3
pineapple0184.jpg, 3
pineapple0185.jpg, 3
pineapple0186.jpg, 3
pineapple0187.jpg, 3
pineapple0188.jpg, 3
pineapple0189.jpg, 3
pineapple0190.jpg, 3
pineapple0191.jpg, 3
pineapple0192.jpg, 3
pineapple0193.jpg, 3
pineapple0194.jpg, 3
pineapple0195.jpg, 3
pineapple0196.jpg, 3
pineapple0197.jpg, 3
pineapple0198.jpg, 3
pineapple0199.jpg, 3
pineapple0200.jpg, 3
pineapple0201.jpg, 3
pineapple0202.jpg, 3
pineapple0203.jpg, 3
pineapple0204.jpg, 3
pineapple0205.jpg, 3
pineapple0206.jpg, 3
pineapple0207.jpg, 3
pineapple0208.jpg, 3
pineapple0209.jpg, 3
pineapple0210.jpg, 3
pineapple0211.jpg, 3
pineapple0212.jpg, 3
pineapple0213.jpg, 3
pineapple0214.jpg, 3
pineapple0215.jpg, 3
pineapple0216.jpg, 3
pineapple0217.jpg, 3
pineapple0218.jpg, 3
pineapple0219.jpg, 3
pineapple0220.jpg, 3
pineapple0221.jpg, 3
pineapple0222.jpg, 3
pineapple0223.jpg, 3
pineapple0224.jpg, 3
pineapple0225.jpg, 3
pineapple0226.jpg, 3
pineapple0227.jpg, 3
pineapple0228.jpg, 3
pineapple0229.jpg, 3
pineapple0230.jpg, 3
pineapple0231.jpg, 3
pineapple0232.jpg, 3
pineapple0233.jpg, 3
pineapple0234.jpg, 3
pineapple0235.jpg, 3
pineapple0236.jpg, 3
pineapple0237.jpg, 3
pineapple0238.jpg, 3
pineapple0239.jpg, 3
pineapple0240.jpg, 3
pineapple0241.jpg, 3
pineapple0242.jpg, 3
pineapple0243.jpg, 3
pineapple0244.jpg, 3
pineapple0245.jpg, 3
pineapple0246.jpg, 3
pineapple0247.jpg, 3
pineapple0248.jpg, 3
pineapple0249.jpg, 3
pineapple0250.jpg, 3
pineapple0251.jpg, 3
pineapple0252.jpg, 3
pineapple0253.jpg, 3
pineapple0254.jpg, 3
pineapple0255.jpg, 3
pineapple0256.jpg, 3
pineapple0257.jpg, 3
pineapple0258.jpg, 3
pineapple0259.jpg, 3
pineapple0260.jpg, 3
pineapple0261.jpg, 3
pineapple0262.jpg, 3
pineapple0263.jpg, 3
pineapple0264.jpg, 3
pineapple0265.jpg, 3
pineapple0266.jpg, 3
pineapple0267.jpg, 3
pineapple0268.jpg, 3
pineapple0269.jpg, 3
pineapple0270.jpg, 3
pineapple0271.jpg, 3
pineapple0272.jpg, 3
pineapple0273.jpg, 3
pineapple0274.jpg, 3
pineapple0275.jpg, 3
pineapple0276.jpg, 3
pineapple0277.jpg, 3
pineapple0278.jpg, 3
pineapple0279.jpg, 3
pineapple0280.jpg, 3
pineapple0281.jpg, 3
pineapple0282.jpg, 3
pineapple0283.jpg, 3
pineapple0284.jpg, 3
pineapple0285.jpg, 3
pineapple0286.jpg, 3
pineapple0287.jpg, 3
pineapple0288.jpg, 3
pineapple0289.jpg, 3
pineapple0290.jpg, 3
pineapple0291.jpg, 3
pineapple0292.jpg, 3
pineapple0293.jpg, 3
pineapple0294.jpg, 3
pineapple0295.jpg, 3
pineapple0296.jpg, 3
pineapple0297.jpg, 3
pineapple0298.jpg, 3
pineapple0299.jpg, 3
pineapple0300.jpg, 3
pineapple0301.jpg, 3
pineapple0302.jpg, 3
pineapple0303.jpg, 3
pineapple0304.jpg, 3
pineapple0305.jpg, 3
pineapple0306.jpg, 3
pineapple0307.jpg, 3
pineapple0308.jpg, 3
pineapple0309.jpg, 3
pineapple0310.jpg, 3
pineapple0311.jpg, 3
pineapple0312.jpg, 3
pineapple0313.jpg, 3
pineapple0314.jpg, 3
pineapple0315.jpg, 3
pineapple0316.jpg, 3
pineapple0317.jpg, 3
pineapple0318.jpg, 3
pineapple0319.jpg, 3
pineapple0320.jpg, 3
pineapple0321.jpg, 3
pineapple0322.jpg, 3
pineapple0323.jpg, 3
pineapple0324.jpg, 3
pineapple0325.jpg, 3
pineapple0326.jpg, 3
pineapple0327.jpg, 3
pineapple0328.jpg, 3
pineapple0329.jpg, 3
pineapple0330.jpg, 3
pineapple0331.jpg, 3
pineapple0332.jpg, 3
pineapple0333.jpg, 3
pineapple0334.jpg, 3
pineapple0335.jpg, 3
pineapple0336.jpg, 3
pineapple0337.jpg, 3
pineapple0338.jpg, 3
pineapple0339.jpg, 3
pineapple0340.jpg, 3
pineapple0341.jpg, 3
pineapple0342.jpg, 3
pineapple0343.jpg, 3
pineapple0344.jpg, 3
pineapple0345.jpg, 3
pineapple0346.jpg, 3
pineapple0347.jpg, 3
pineapple0348.jpg, 3
pineapple0349.jpg, 3
pineapple0350.jpg, 3
pineapple0351.jpg, 3
pineapple0352.jpg, 3
pineapple0353.jpg, 3
pineapple0354.jpg, 3
pineapple0355.jpg, 3
pineapple0356.jpg, 3
pineapple0357.jpg, 3
pineapple0358.jpg, 3
pineapple0359.jpg, 3
pineapple0360.jpg, 3
pineapple0361.jpg, 3
pineapple0362.jpg, 3
pineapple0363.jpg, 3
pineapple0364.jpg, 3
pineapple0365.jpg, 3
pineapple0366.jpg, 3
pineapple0367.jpg, 3
pineapple0368.jpg, 3
pineapple0369.jpg, 3
pineapple0370.jpg, 3
pineapple0371.jpg, 3
pineapple0372.jpg, 3
pineapple0373.jpg, 3
pineapple0374.jpg, 3
pineapple0375.jpg, 3
pineapple0376.jpg, 3
pineapple0377.jpg, 3
pineapple0378.jpg, 3
pineapple0379.jpg, 3
pineapple0380.jpg, 3
pineapple0381.jpg, 3
pineapple0382.jpg, 3
pineapple0383.jpg, 3
pineapple0384.jpg, 3
pineapple0385.jpg, 3
pineapple0386.jpg, 3
pineapple0387.jpg, 3
pineapple0388.jpg, 3
pineapple0389.jpg, 3
pineapple0390.jpg, 3
pineapple0391.jpg, 3
pineapple0392.jpg, 3
pineapple0393.jpg, 3
pineapple0394.jpg, 3
pineapple0395.jpg, 3
pineapple0396.jpg, 3
pineapple0397.jpg, 3
pineapple0398.jpg, 3
pineapple0399.jpg, 3
pineapple0400.jpg, 3
pineapple0401.jpg, 3
pineapple0402.jpg, 3
pineapple0403.jpg, 3
pineapple0404.jpg, 3
pineapple0405.jpg, 3
pineapple0406.jpg, 3
pineapple0407.jpg, 3
pineapple0408.jpg, 3
pineapple0409.jpg, 3
pineapple0410.jpg, 3
pineapple0411.jpg, 3
pineapple0412.jpg, 3
pineapple0413.jpg, 3
pineapple0414.jpg, 3
pineapple0415.jpg, 3
pineapple0416.jpg, 3
pineapple0417.jpg, 3
pineapple0418.jpg, 3
pineapple0419.jpg, 3
pineapple0420.jpg, 3
pineapple0421.jpg, 3
pineapple0422.jpg, 3
pineapple0423.jpg, 3
pineapple0424.jpg, 3
pineapple0425.jpg, 3
pineapple0426.jpg, 3
pineapple0427.jpg, 3
pineapple0428.jpg, 3
pineapple0429.jpg, 3
pineapple0430.jpg, 3
pineapple0431.jpg, 3
pineapple0432.jpg, 3
pineapple0433.jpg, 3
pineapple0434.jpg, 3
pineapple0435.jpg, 3
pineapple0436.jpg, 3
pineapple0437.jpg, 3
pineapple0438.jpg, 3
pineapple0439.jpg, 3
pineapple0440.jpg, 3
pineapple0441.jpg, 3
pineapple0442.jpg, 3
pineapple0443.jpg, 3
pineapple0444.jpg, 3
pineapple0445.jpg, 3
pineapple0446.jpg, 3
pineapple0447.jpg, 3
pineapple0448.jpg, 3
pineapple0449.jpg, 3
pineapple0450.jpg, 3
pineapple0451.jpg, 3
pineapple0452.jpg, 3
pineapple0453.jpg, 3
pineapple0454.jpg, 3
pineapple0455.jpg, 3
pineapple0456.jpg, 3
pineapple0457.jpg, 3
pineapple0458.jpg, 3
pineapple0459.jpg, 3
pineapple0460.jpg, 3
pineapple0461.jpg, 3
pineapple0462.jpg, 3
pineapple0463.jpg, 3
pineapple0464.jpg, 3
pineapple0465.jpg, 3
pineapple0466.jpg, 3
pineapple0467.jpg, 3
pineapple0468.jpg, 3
pineapple0469.jpg, 3
pineapple0470.jpg, 3
pineapple0471.jpg, 3
pineapple0472.jpg, 3
pineapple0473.jpg, 3
pineapple0474.jpg, 3
pineapple0475.jpg, 3
pineapple0476.jpg, 3
pineapple0477.jpg, 3
pineapple0478.jpg, 3
pineapple0479.jpg, 3
pineapple0480.jpg, 3
pineapple0481.jpg, 3
pineapple0482.jpg, 3
pineapple0483.jpg, 3
pineapple0484.jpg, 3
pineapple0485.jpg, 3
pineapple0486.jpg, 3
pineapple0487.jpg, 3
pineapple0488.jpg, 3
pineapple0489.jpg, 3
pineapple0490.jpg, 3
pineapple0491.jpg, 3
pineapple0492.jpg, 3
pineapple0493.jpg, 3
pineapple0494.jpg, 3
pineapple0495.jpg, 3
pineapple0496.jpg, 3
pineapple0497.jpg, 3
pineapple0498.jpg, 3
pineapple0499.jpg, 3
pineapple0500.jpg, 3
watermelon0001.jpg, 4
watermelon0002.jpg, 4
watermelon0003.jpg, 4
watermelon0004.jpg, 4
watermelon0005.jpg, 4
watermelon0006.jpg, 4
watermelon0007.jpg, 4
watermelon0008.jpg, 4
watermelon0009.jpg, 4
watermelon0010.jpg, 4
watermelon0011.jpg, 4
watermelon0012.jpg, 4
watermelon0013.jpg, 4
watermelon0014.jpg, 4
watermelon0015.jpg, 4
watermelon0016.jpg, 4
watermelon0017.jpg, 4
watermelon0018.jpg, 4
watermelon0019.jpg, 4
watermelon0020.jpg, 4
watermelon0021.jpg, 4
watermelon0022.jpg, 4
watermelon0023.jpg, 4
watermelon0024.jpg, 4
watermelon0025.jpg, 4
watermelon0026.jpg, 4
watermelon0027.jpg, 4
watermelon0028.jpg, 4
watermelon0029.jpg, 4
watermelon0030.jpg, 4
watermelon0031.jpg, 4
watermelon0032.jpg, 4
watermelon0033.jpg, 4
watermelon0034.jpg, 4
watermelon0035.jpg, 4
watermelon0036.jpg, 4
watermelon0037.jpg, 4
watermelon0038.jpg, 4
watermelon0039.jpg, 4
watermelon0040.jpg, 4
watermelon0041.jpg, 4
watermelon0042.jpg, 4
watermelon0043.jpg, 4
watermelon0044.jpg, 4
watermelon0045.jpg, 4
watermelon0046.jpg, 4
watermelon0047.jpg, 4
watermelon0048.jpg, 4
watermelon0049.jpg, 4
watermelon0050.jpg, 4
watermelon0051.jpg, 4
watermelon0052.jpg, 4
watermelon0053.jpg, 4
watermelon0054.jpg, 4
watermelon0055.jpg, 4
watermelon0056.jpg, 4
watermelon0057.jpg, 4
watermelon0058.jpg, 4
watermelon0059.jpg, 4
watermelon0060.jpg, 4
watermelon0061.jpg, 4
watermelon0062.jpg, 4
watermelon0063.jpg, 4
watermelon0064.jpg, 4
watermelon0065.jpg, 4
watermelon0066.jpg, 4
watermelon0067.jpg, 4
watermelon0068.jpg, 4
watermelon0069.jpg, 4
watermelon0070.jpg, 4
watermelon0071.jpg, 4
watermelon0072.jpg, 4
watermelon0073.jpg, 4
watermelon0074.jpg, 4
watermelon0075.jpg, 4
watermelon0076.jpg, 4
watermelon0077.jpg, 4
watermelon0078.jpg, 4
watermelon0079.jpg, 4
watermelon0080.jpg, 4
watermelon0081.jpg, 4
watermelon0082.jpg, 4
watermelon0083.jpg, 4
watermelon0084.jpg, 4
watermelon0085.jpg, 4
watermelon0086.jpg, 4
watermelon0087.jpg, 4
watermelon0088.jpg, 4
watermelon0089.jpg, 4
watermelon0090.jpg, 4
watermelon0091.jpg, 4
watermelon0092.jpg, 4
watermelon0093.jpg, 4
watermelon0094.jpg, 4
watermelon0095.jpg, 4
watermelon0096.jpg, 4
watermelon0097.jpg, 4
watermelon0098.jpg, 4
watermelon0099.jpg, 4
watermelon0100.jpg, 4
watermelon0101.jpg, 4
watermelon0102.jpg, 4
watermelon0103.jpg, 4
watermelon0104.jpg, 4
watermelon0105.jpg, 4
watermelon0106.jpg, 4
watermelon0107.jpg, 4
watermelon0108.jpg, 4
watermelon0109.jpg, 4
watermelon0110.jpg, 4
watermelon0111.jpg, 4
watermelon0112.jpg, 4
watermelon0113.jpg, 4
watermelon0114.jpg, 4
watermelon0115.jpg, 4
watermelon0116.jpg, 4
watermelon0117.jpg, 4
watermelon0118.jpg, 4
watermelon0119.jpg, 4
watermelon0120.jpg, 4
watermelon0121.jpg, 4
watermelon0122.jpg, 4
watermelon0123.jpg, 4
watermelon0124.jpg, 4
watermelon0125.jpg, 4
watermelon0126.jpg, 4
watermelon0127.jpg, 4
watermelon0128.jpg, 4
watermelon0129.jpg, 4
watermelon0130.jpg, 4
watermelon0131.jpg, 4
watermelon0132.jpg, 4
watermelon0133.jpg, 4
watermelon0134.jpg, 4
watermelon0135.jpg, 4
watermelon0136.jpg, 4
watermelon0137.jpg, 4
watermelon0138.jpg, 4
watermelon0139.jpg, 4
watermelon0140.jpg, 4
watermelon0141.jpg, 4
watermelon0142.jpg, 4
watermelon0143.jpg, 4
watermelon0144.jpg, 4
watermelon0145.jpg, 4
watermelon0146.jpg, 4
watermelon0147.jpg, 4
watermelon0148.jpg, 4
watermelon0149.jpg, 4
watermelon0150.jpg, 4
watermelon0151.jpg, 4
watermelon0152.jpg, 4
watermelon0153.jpg, 4
watermelon0154.jpg, 4
watermelon0155.jpg, 4
watermelon0156.jpg, 4
watermelon0157.jpg, 4
watermelon0158.jpg, 4
watermelon0159.jpg, 4
watermelon0160.jpg, 4
watermelon0161.jpg, 4
watermelon0162.jpg, 4
watermelon0163.jpg, 4
watermelon0164.jpg, 4
watermelon0165.jpg, 4
watermelon0166.jpg, 4
watermelon0167.jpg, 4
watermelon0168.jpg, 4
watermelon0169.jpg, 4
watermelon0170.jpg, 4
watermelon0171.jpg, 4
watermelon0172.jpg, 4
watermelon0173.jpg, 4
watermelon0174.jpg, 4
watermelon0175.jpg, 4
watermelon0176.jpg, 4
watermelon0177.jpg, 4
watermelon0178.jpg, 4
watermelon0179.jpg, 4
watermelon0180.jpg, 4
watermelon0181.jpg, 4
watermelon0182.jpg, 4
watermelon0183.jpg, 4
watermelon0184.jpg, 4
watermelon0185.jpg, 4
watermelon0186.jpg, 4
watermelon0187.jpg, 4
watermelon0188.jpg, 4
watermelon0189.jpg, 4
watermelon0190.jpg, 4
watermelon0191.jpg, 4
watermelon0192.jpg, 4
watermelon0193.jpg, 4
watermelon0194.jpg, 4
watermelon0195.jpg, 4
watermelon0196.jpg, 4
watermelon0197.jpg, 4
watermelon0198.jpg, 4
watermelon0199.jpg, 4
watermelon0200.jpg, 4
watermelon0201.jpg, 4
watermelon0202.jpg, 4
watermelon0203.jpg, 4
watermelon0204.jpg, 4
watermelon0205.jpg, 4
watermelon0206.jpg, 4
watermelon0207.jpg, 4
watermelon0208.jpg, 4
watermelon0209.jpg, 4
watermelon0210.jpg, 4
watermelon0211.jpg, 4
watermelon0212.jpg, 4
watermelon0213.jpg, 4
watermelon0214.jpg, 4
watermelon0215.jpg, 4
watermelon0216.jpg, 4
watermelon0217.jpg, 4
watermelon0218.jpg, 4
watermelon0219.jpg, 4
watermelon0220.jpg, 4
watermelon0221.jpg, 4
watermelon0222.jpg, 4
watermelon0223.jpg, 4
watermelon0224.jpg, 4
watermelon0225.jpg, 4
watermelon0226.jpg, 4
watermelon0227.jpg, 4
watermelon0228.jpg, 4
watermelon0229.jpg, 4
watermelon0230.jpg, 4
watermelon0231.jpg, 4
watermelon0232.jpg, 4
watermelon0233.jpg, 4
watermelon0234.jpg, 4
watermelon0235.jpg, 4
watermelon0236.jpg, 4
watermelon0237.jpg, 4
watermelon0238.jpg, 4
watermelon0239.jpg, 4
watermelon0240.jpg, 4
watermelon0241.jpg, 4
watermelon0242.jpg, 4
watermelon0243.jpg, 4
watermelon0244.jpg, 4
watermelon0245.jpg, 4
watermelon0246.jpg, 4
watermelon0247.jpg, 4
watermelon0248.jpg, 4
watermelon0249.jpg, 4
watermelon0250.jpg, 4
watermelon0251.jpg, 4
watermelon0252.jpg, 4
watermelon0253.jpg, 4
watermelon0254.jpg, 4
watermelon0255.jpg, 4
watermelon0256.jpg, 4
watermelon0257.jpg, 4
watermelon0258.jpg, 4
watermelon0259.jpg, 4
watermelon0260.jpg, 4
watermelon0261.jpg, 4
watermelon0262.jpg, 4
watermelon0263.jpg, 4
watermelon0264.jpg, 4
watermelon0265.jpg, 4
watermelon0266.jpg, 4
watermelon0267.jpg, 4
watermelon0268.jpg, 4
watermelon0269.jpg, 4
watermelon0270.jpg, 4
watermelon0271.jpg, 4
watermelon0272.jpg, 4
watermelon0273.jpg, 4
watermelon0274.jpg, 4
watermelon0275.jpg, 4
watermelon0276.jpg, 4
watermelon0277.jpg, 4
watermelon0278.jpg, 4
watermelon0279.jpg, 4
watermelon0280.jpg, 4
watermelon0281.jpg, 4
watermelon0282.jpg, 4
watermelon0283.jpg, 4
watermelon0284.jpg, 4
watermelon0285.jpg, 4
watermelon0286.jpg, 4
watermelon0287.jpg, 4
watermelon0288.jpg, 4
watermelon0289.jpg, 4
watermelon0290.jpg, 4
watermelon0291.jpg, 4
watermelon0292.jpg, 4
watermelon0293.jpg, 4
watermelon0294.jpg, 4
watermelon0295.jpg, 4
watermelon0296.jpg, 4
watermelon0297.jpg, 4
watermelon0298.jpg, 4
watermelon0299.jpg, 4
watermelon0300.jpg, 4
watermelon0301.jpg, 4
watermelon0302.jpg, 4
watermelon0303.jpg, 4
watermelon0304.jpg, 4
watermelon0305.jpg, 4
watermelon0306.jpg, 4
watermelon0307.jpg, 4
watermelon0308.jpg, 4
watermelon0309.jpg, 4
watermelon0310.jpg, 4
watermelon0311.jpg, 4
watermelon0312.jpg, 4
watermelon0313.jpg, 4
watermelon0314.jpg, 4
watermelon0315.jpg, 4
watermelon0316.jpg, 4
watermelon0317.jpg, 4
watermelon0318.jpg, 4
watermelon0319.jpg, 4
watermelon0320.jpg, 4
watermelon0321.jpg, 4
watermelon0322.jpg, 4
watermelon0323.jpg, 4
watermelon0324.jpg, 4
watermelon0325.jpg, 4
watermelon0326.jpg, 4
watermelon0327.jpg, 4
watermelon0328.jpg, 4
watermelon0329.jpg, 4
watermelon0330.jpg, 4
watermelon0331.jpg, 4
watermelon0332.jpg, 4
watermelon0333.jpg, 4
watermelon0334.jpg, 4
watermelon0335.jpg, 4
watermelon0336.jpg, 4
watermelon0337.jpg, 4
watermelon0338.jpg, 4
watermelon0339.jpg, 4
watermelon0340.jpg, 4
watermelon0341.jpg, 4
watermelon0342.jpg, 4
watermelon0343.jpg, 4
watermelon0344.jpg, 4
watermelon0345.jpg, 4
watermelon0346.jpg, 4
watermelon0347.jpg, 4
watermelon0348.jpg, 4
watermelon0349.jpg, 4
watermelon0350.jpg, 4
watermelon0351.jpg, 4
watermelon0352.jpg, 4
watermelon0353.jpg, 4
watermelon0354.jpg, 4
watermelon0355.jpg, 4
watermelon0356.jpg, 4
watermelon0357.jpg, 4
watermelon0358.jpg, 4
watermelon0359.jpg, 4
watermelon0360.jpg, 4
watermelon0361.jpg, 4
watermelon0362.jpg, 4
watermelon0363.jpg, 4
watermelon0364.jpg, 4
watermelon0365.jpg, 4
watermelon0366.jpg, 4
watermelon0367.jpg, 4
watermelon0368.jpg, 4
watermelon0369.jpg, 4
watermelon0370.jpg, 4
watermelon0371.jpg, 4
watermelon0372.jpg, 4
watermelon0373.jpg, 4
watermelon0374.jpg, 4
watermelon0375.jpg, 4
watermelon0376.jpg, 4
watermelon0377.jpg, 4
watermelon0378.jpg, 4
watermelon0379.jpg, 4
watermelon0380.jpg, 4
watermelon0381.jpg, 4
watermelon0382.jpg, 4
watermelon0383.jpg, 4
watermelon0384.jpg, 4
watermelon0385.jpg, 4
watermelon0386.jpg, 4
watermelon0387.jpg, 4
watermelon0388.jpg, 4
watermelon0389.jpg, 4
watermelon0390.jpg, 4
watermelon0391.jpg, 4
watermelon0392.jpg, 4
watermelon0393.jpg, 4
watermelon0394.jpg, 4
watermelon0395.jpg, 4
watermelon0396.jpg, 4
watermelon0397.jpg, 4
watermelon0398.jpg, 4
watermelon0399.jpg, 4
watermelon0400.jpg, 4
watermelon0401.jpg, 4
watermelon0402.jpg, 4
watermelon0403.jpg, 4
watermelon0404.jpg, 4
watermelon0405.jpg, 4
watermelon0406.jpg, 4
watermelon0407.jpg, 4
watermelon0408.jpg, 4
watermelon0409.jpg, 4
watermelon0410.jpg, 4
watermelon0411.jpg, 4
watermelon0412.jpg, 4
watermelon0413.jpg, 4
watermelon0414.jpg, 4
watermelon0415.jpg, 4
watermelon0416.jpg, 4
watermelon0417.jpg, 4
watermelon0418.jpg, 4
watermelon0419.jpg, 4
watermelon0420.jpg, 4
watermelon0421.jpg, 4
watermelon0422.jpg, 4
watermelon0423.jpg, 4
watermelon0424.jpg, 4
watermelon0425.jpg, 4
watermelon0426.jpg, 4
watermelon0427.jpg, 4
watermelon0428.jpg, 4
watermelon0429.jpg, 4
watermelon0430.jpg, 4
watermelon0431.jpg, 4
watermelon0432.jpg, 4
watermelon0433.jpg, 4
watermelon0434.jpg, 4
watermelon0435.jpg, 4
watermelon0436.jpg, 4
watermelon0437.jpg, 4
watermelon0438.jpg, 4
watermelon0439.jpg, 4
watermelon0440.jpg, 4
watermelon0441.jpg, 4
watermelon0442.jpg, 4
watermelon0443.jpg, 4
watermelon0444.jpg, 4
watermelon0445.jpg, 4
watermelon0446.jpg, 4
watermelon0447.jpg, 4
watermelon0448.jpg, 4
watermelon0449.jpg, 4
watermelon0450.jpg, 4
watermelon0451.jpg, 4
watermelon0452.jpg, 4
watermelon0453.jpg, 4
watermelon0454.jpg, 4
watermelon0455.jpg, 4
watermelon0456.jpg, 4
watermelon0457.jpg, 4
watermelon0458.jpg, 4
watermelon0459.jpg, 4
watermelon0460.jpg, 4
watermelon0461.jpg, 4
watermelon0462.jpg, 4
watermelon0463.jpg, 4
watermelon0464.jpg, 4
watermelon0465.jpg, 4
watermelon0466.jpg, 4
watermelon0467.jpg, 4
watermelon0468.jpg, 4
watermelon0469.jpg, 4
watermelon0470.jpg, 4
watermelon0471.jpg, 4
watermelon0472.jpg, 4
watermelon0473.jpg, 4
watermelon0474.jpg, 4
watermelon0475.jpg, 4
watermelon0476.jpg, 4
watermelon0477.jpg, 4
watermelon0478.jpg, 4
watermelon0479.jpg, 4
watermelon0480.jpg, 4
watermelon0481.jpg, 4
watermelon0482.jpg, 4
watermelon0483.jpg, 4
watermelon0484.jpg, 4
watermelon0485.jpg, 4
watermelon0486.jpg, 4
watermelon0487.jpg, 4
watermelon0488.jpg, 4
watermelon0489.jpg, 4
watermelon0490.jpg, 4
watermelon0491.jpg, 4
watermelon0492.jpg, 4
watermelon0493.jpg, 4
watermelon0494.jpg, 4
watermelon0495.jpg, 4
watermelon0496.jpg, 4
watermelon0497.jpg, 4
watermelon0498.jpg, 4
watermelon0499.jpg, 4
watermelon0500.jpg, 4
